
{
    "region" : "us-east-1",
    "configuration" : "Debug",
    "framework"     : "net6.0",
    "self-contained" : false,
    "application"    : "musicchat5",
    "environment"    : "Musicchat5-env",
    "enable-xray"    : false,
    "enhanced-health-type" : "enhanced",
    "additional-options"   : "",
    "proxy-server"         : "nginx",
    "solution-stack"       : "64bit Amazon Linux 2 v2.3.1 running .NET Core",
    "environment-type"     : "LoadBalanced",
    "loadbalancer-type"    : "application",
    "cname"                : "musicchat-dev",
    "instance-type"        : "t3a.medium",
    "key-pair"             : "mykeypair",
    "health-check-url"     : "/",
    "instance-profile"     : "aws-elasticbeanstalk-ec2-role",
    "service-role"         : "aws-elasticbeanstalk-service-role"
}